{"location":44.23757156443737,"energyUsageRate":1.0,"age":31,"homeLocation":3.46875,"workLocation":97.65625,"fitness":93.53125,"testResult":{"location":3.46875,"energy":193.53125}}